{"Node2Vec Train/Pre": 1.0, "round": 3999, "_step": 29999, "_runtime": 93, "_timestamp": 1607498462, "Node2Vec Train/Rec": 0.7272727272727273, "Node2Vec Train/loss": 0.0484795868396759, "Node2Vec Test/Pre": 0.3333333333333333, "Node2Vec Test/Rec": 0.14285714285714285, "Node2Vec Test/loss": 0.9588825106620789, "GCN Train/Pre": 1.0, "GCN Train/Rec": 0.8181818181818182, "GCN Train/loss": 0.051681313663721085, "GCN Test/Pre": 0.2222222222222222, "GCN Test/Rec": 0.2857142857142857, "GCN Test/loss": 0.4709957540035248}